display_name,stub,dropdown_parent
Home,/,
Meet the,,
O'Reillys,/family.html,Meet the
Photographers,/photographers.html,Meet the
Travel,,
O'Reilly Trips,/Trips.html,Travel
19th Century Travel,/Travel.html,Travel
20th Century Travel,/20Travel.html,Travel
Browse,,
Entire Catalog,/browse.html,Browse
By Subjects,/subjects.html,Browse
By Locations,/locations.html,Browse
By Creator,/creators.html,Browse
Tour,,
The Cities,/cities.html,Tour
The Sights,/sights.html,Tour
Modern Views,/modern.html,Tour
Map,/map.html,
About,,
Dating Photographs,/dating.html,About
Resources,/resources.html,About
About the Project,/about.html,About
