filename,object_location,image_small,image_thumb
ad1.jpg,/objects/ad1.jpg,/objects/small/ad1_sm.jpg,/objects/thumbs/ad1_th.jpg
chestletter_1.jpg,/objects/chestletter_1.jpg,/objects/small/chestletter_1_sm.jpg,/objects/thumbs/chestletter_1_th.jpg
chestletter_2.jpg,/objects/chestletter_2.jpg,/objects/small/chestletter_2_sm.jpg,/objects/thumbs/chestletter_2_th.jpg
chestletter_3.jpg,/objects/chestletter_3.jpg,/objects/small/chestletter_3_sm.jpg,/objects/thumbs/chestletter_3_th.jpg
chestletter_4.jpg,/objects/chestletter_4.jpg,/objects/small/chestletter_4_sm.jpg,/objects/thumbs/chestletter_4_th.jpg
cletter_1a.jpg,/objects/cletter_1a.jpg,/objects/small/cletter_1a_sm.jpg,/objects/thumbs/cletter_1a_th.jpg
cletter_1b.jpg,/objects/cletter_1b.jpg,/objects/small/cletter_1b_sm.jpg,/objects/thumbs/cletter_1b_th.jpg
cletter_1c.jpg,/objects/cletter_1c.jpg,/objects/small/cletter_1c_sm.jpg,/objects/thumbs/cletter_1c_th.jpg
cletter_1d.jpg,/objects/cletter_1d.jpg,/objects/small/cletter_1d_sm.jpg,/objects/thumbs/cletter_1d_th.jpg
cletter_1e.jpg,/objects/cletter_1e.jpg,/objects/small/cletter_1e_sm.jpg,/objects/thumbs/cletter_1e_th.jpg
cletter_1f.jpg,/objects/cletter_1f.jpg,/objects/small/cletter_1f_sm.jpg,/objects/thumbs/cletter_1f_th.jpg
cletter_1g.jpg,/objects/cletter_1g.jpg,/objects/small/cletter_1g_sm.jpg,/objects/thumbs/cletter_1g_th.jpg
cletter_1h.jpg,/objects/cletter_1h.jpg,/objects/small/cletter_1h_sm.jpg,/objects/thumbs/cletter_1h_th.jpg
cletter_2a.jpg,/objects/cletter_2a.jpg,/objects/small/cletter_2a_sm.jpg,/objects/thumbs/cletter_2a_th.jpg
cletter_2b.jpg,/objects/cletter_2b.jpg,/objects/small/cletter_2b_sm.jpg,/objects/thumbs/cletter_2b_th.jpg
cletter_2c.jpg,/objects/cletter_2c.jpg,/objects/small/cletter_2c_sm.jpg,/objects/thumbs/cletter_2c_th.jpg
cletter_2d.jpg,/objects/cletter_2d.jpg,/objects/small/cletter_2d_sm.jpg,/objects/thumbs/cletter_2d_th.jpg
cletter_2e.jpg,/objects/cletter_2e.jpg,/objects/small/cletter_2e_sm.jpg,/objects/thumbs/cletter_2e_th.jpg
cletter_2f.jpg,/objects/cletter_2f.jpg,/objects/small/cletter_2f_sm.jpg,/objects/thumbs/cletter_2f_th.jpg
cletter_2g.jpg,/objects/cletter_2g.jpg,/objects/small/cletter_2g_sm.jpg,/objects/thumbs/cletter_2g_th.jpg
cletter_2h.jpg,/objects/cletter_2h.jpg,/objects/small/cletter_2h_sm.jpg,/objects/thumbs/cletter_2h_th.jpg
cletter_2i.jpg,/objects/cletter_2i.jpg,/objects/small/cletter_2i_sm.jpg,/objects/thumbs/cletter_2i_th.jpg
cletter_2j.jpg,/objects/cletter_2j.jpg,/objects/small/cletter_2j_sm.jpg,/objects/thumbs/cletter_2j_th.jpg
cletter_2k.jpg,/objects/cletter_2k.jpg,/objects/small/cletter_2k_sm.jpg,/objects/thumbs/cletter_2k_th.jpg
cletter_2l.jpg,/objects/cletter_2l.jpg,/objects/small/cletter_2l_sm.jpg,/objects/thumbs/cletter_2l_th.jpg
cprletter1.jpg,/objects/cprletter1.jpg,/objects/small/cprletter1_sm.jpg,/objects/thumbs/cprletter1_th.jpg
cprletter2.jpg,/objects/cprletter2.jpg,/objects/small/cprletter2_sm.jpg,/objects/thumbs/cprletter2_th.jpg
kbudget_1.jpg,/objects/kbudget_1.jpg,/objects/small/kbudget_1_sm.jpg,/objects/thumbs/kbudget_1_th.jpg
kbudget_2.jpg,/objects/kbudget_2.jpg,/objects/small/kbudget_2_sm.jpg,/objects/thumbs/kbudget_2_th.jpg
kbudget_3.jpg,/objects/kbudget_3.jpg,/objects/small/kbudget_3_sm.jpg,/objects/thumbs/kbudget_3_th.jpg
kdiary97_1.jpg,/objects/kdiary97_1.jpg,/objects/small/kdiary97_1_sm.jpg,/objects/thumbs/kdiary97_1_th.jpg
kdiary97_2.jpg,/objects/kdiary97_2.jpg,/objects/small/kdiary97_2_sm.jpg,/objects/thumbs/kdiary97_2_th.jpg
kdiary97_3.jpg,/objects/kdiary97_3.jpg,/objects/small/kdiary97_3_sm.jpg,/objects/thumbs/kdiary97_3_th.jpg
kdiary97_4.jpg,/objects/kdiary97_4.jpg,/objects/small/kdiary97_4_sm.jpg,/objects/thumbs/kdiary97_4_th.jpg
kdiary97_5.jpg,/objects/kdiary97_5.jpg,/objects/small/kdiary97_5_sm.jpg,/objects/thumbs/kdiary97_5_th.jpg
kdiary97_6.jpg,/objects/kdiary97_6.jpg,/objects/small/kdiary97_6_sm.jpg,/objects/thumbs/kdiary97_6_th.jpg
kdiary97_7.jpg,/objects/kdiary97_7.jpg,/objects/small/kdiary97_7_sm.jpg,/objects/thumbs/kdiary97_7_th.jpg
kdiary97_8.jpg,/objects/kdiary97_8.jpg,/objects/small/kdiary97_8_sm.jpg,/objects/thumbs/kdiary97_8_th.jpg
kletter_1a.jpg,/objects/kletter_1a.jpg,/objects/small/kletter_1a_sm.jpg,/objects/thumbs/kletter_1a_th.jpg
kletter_1b.jpg,/objects/kletter_1b.jpg,/objects/small/kletter_1b_sm.jpg,/objects/thumbs/kletter_1b_th.jpg
kletter_1c.jpg,/objects/kletter_1c.jpg,/objects/small/kletter_1c_sm.jpg,/objects/thumbs/kletter_1c_th.jpg
kletter_1d.jpg,/objects/kletter_1d.jpg,/objects/small/kletter_1d_sm.jpg,/objects/thumbs/kletter_1d_th.jpg
kletter_1e.jpg,/objects/kletter_1e.jpg,/objects/small/kletter_1e_sm.jpg,/objects/thumbs/kletter_1e_th.jpg
kletter_1f.jpg,/objects/kletter_1f.jpg,/objects/small/kletter_1f_sm.jpg,/objects/thumbs/kletter_1f_th.jpg
kletter_1g.jpg,/objects/kletter_1g.jpg,/objects/small/kletter_1g_sm.jpg,/objects/thumbs/kletter_1g_th.jpg
kletter_1h.jpg,/objects/kletter_1h.jpg,/objects/small/kletter_1h_sm.jpg,/objects/thumbs/kletter_1h_th.jpg
kletter_1i.jpg,/objects/kletter_1i.jpg,/objects/small/kletter_1i_sm.jpg,/objects/thumbs/kletter_1i_th.jpg
kletter_1j.jpg,/objects/kletter_1j.jpg,/objects/small/kletter_1j_sm.jpg,/objects/thumbs/kletter_1j_th.jpg
kletter_2a.jpg,/objects/kletter_2a.jpg,/objects/small/kletter_2a_sm.jpg,/objects/thumbs/kletter_2a_th.jpg
kletter_2b.jpg,/objects/kletter_2b.jpg,/objects/small/kletter_2b_sm.jpg,/objects/thumbs/kletter_2b_th.jpg
kletter_2c.jpg,/objects/kletter_2c.jpg,/objects/small/kletter_2c_sm.jpg,/objects/thumbs/kletter_2c_th.jpg
kletter_2d.jpg,/objects/kletter_2d.jpg,/objects/small/kletter_2d_sm.jpg,/objects/thumbs/kletter_2d_th.jpg
kletter_2e.jpg,/objects/kletter_2e.jpg,/objects/small/kletter_2e_sm.jpg,/objects/thumbs/kletter_2e_th.jpg
kletter_2f.jpg,/objects/kletter_2f.jpg,/objects/small/kletter_2f_sm.jpg,/objects/thumbs/kletter_2f_th.jpg
kletter_2g.jpg,/objects/kletter_2g.jpg,/objects/small/kletter_2g_sm.jpg,/objects/thumbs/kletter_2g_th.jpg
kletter_2h.jpg,/objects/kletter_2h.jpg,/objects/small/kletter_2h_sm.jpg,/objects/thumbs/kletter_2h_th.jpg
kletter_3a.jpg,/objects/kletter_3a.jpg,/objects/small/kletter_3a_sm.jpg,/objects/thumbs/kletter_3a_th.jpg
kletter_3b.jpg,/objects/kletter_3b.jpg,/objects/small/kletter_3b_sm.jpg,/objects/thumbs/kletter_3b_th.jpg
kletter_3c.jpg,/objects/kletter_3c.jpg,/objects/small/kletter_3c_sm.jpg,/objects/thumbs/kletter_3c_th.jpg
kletter_3d.jpg,/objects/kletter_3d.jpg,/objects/small/kletter_3d_sm.jpg,/objects/thumbs/kletter_3d_th.jpg
kletter_3e.jpg,/objects/kletter_3e.jpg,/objects/small/kletter_3e_sm.jpg,/objects/thumbs/kletter_3e_th.jpg
kletter_3f.jpg,/objects/kletter_3f.jpg,/objects/small/kletter_3f_sm.jpg,/objects/thumbs/kletter_3f_th.jpg
kletter_3g.jpg,/objects/kletter_3g.jpg,/objects/small/kletter_3g_sm.jpg,/objects/thumbs/kletter_3g_th.jpg
kletter_3h.jpg,/objects/kletter_3h.jpg,/objects/small/kletter_3h_sm.jpg,/objects/thumbs/kletter_3h_th.jpg
map1.jpg,/objects/map1.jpg,/objects/small/map1_sm.jpg,/objects/thumbs/map1_th.jpg
map1a.jpg,/objects/map1a.jpg,/objects/small/map1a_sm.jpg,/objects/thumbs/map1a_th.jpg
note_1.jpg,/objects/note_1.jpg,/objects/small/note_1_sm.jpg,/objects/thumbs/note_1_th.jpg
note_2.jpg,/objects/note_2.jpg,/objects/small/note_2_sm.jpg,/objects/thumbs/note_2_th.jpg
pletter_1a.jpg,/objects/pletter_1a.jpg,/objects/small/pletter_1a_sm.jpg,/objects/thumbs/pletter_1a_th.jpg
pletter_1b.jpg,/objects/pletter_1b.jpg,/objects/small/pletter_1b_sm.jpg,/objects/thumbs/pletter_1b_th.jpg
pletter_1c.jpg,/objects/pletter_1c.jpg,/objects/small/pletter_1c_sm.jpg,/objects/thumbs/pletter_1c_th.jpg
pletter_1d.jpg,/objects/pletter_1d.jpg,/objects/small/pletter_1d_sm.jpg,/objects/thumbs/pletter_1d_th.jpg
pletter_1e.jpg,/objects/pletter_1e.jpg,/objects/small/pletter_1e_sm.jpg,/objects/thumbs/pletter_1e_th.jpg
pletter_1f.jpg,/objects/pletter_1f.jpg,/objects/small/pletter_1f_sm.jpg,/objects/thumbs/pletter_1f_th.jpg
pletter_2a.jpg,/objects/pletter_2a.jpg,/objects/small/pletter_2a_sm.jpg,/objects/thumbs/pletter_2a_th.jpg
pletter_2b.jpg,/objects/pletter_2b.jpg,/objects/small/pletter_2b_sm.jpg,/objects/thumbs/pletter_2b_th.jpg
pletter_2c.jpg,/objects/pletter_2c.jpg,/objects/small/pletter_2c_sm.jpg,/objects/thumbs/pletter_2c_th.jpg
pletter_2d.jpg,/objects/pletter_2d.jpg,/objects/small/pletter_2d_sm.jpg,/objects/thumbs/pletter_2d_th.jpg
pletter_2e.jpg,/objects/pletter_2e.jpg,/objects/small/pletter_2e_sm.jpg,/objects/thumbs/pletter_2e_th.jpg
pletter_2f.jpg,/objects/pletter_2f.jpg,/objects/small/pletter_2f_sm.jpg,/objects/thumbs/pletter_2f_th.jpg
plist1.jpg,/objects/plist1.jpg,/objects/small/plist1_sm.jpg,/objects/thumbs/plist1_th.jpg
plist2.jpg,/objects/plist2.jpg,/objects/small/plist2_sm.jpg,/objects/thumbs/plist2_th.jpg
ticket.jpg,/objects/ticket.jpg,/objects/small/ticket_sm.jpg,/objects/thumbs/ticket_th.jpg
ticket_2.jpg,/objects/ticket_2.jpg,/objects/small/ticket_2_sm.jpg,/objects/thumbs/ticket_2_th.jpg
ticket_2a.jpg,/objects/ticket_2a.jpg,/objects/small/ticket_2a_sm.jpg,/objects/thumbs/ticket_2a_th.jpg
